,Proportion without parking space at home,Standard deviation without parking space at home,Proportion with 1 parking space at home,Standard deviation with 1 parking space at home,Proportion with 2 parking spaces at home,Standard deviation with 2 parking spaces at home,Proportion with 3 and more parking spaces at home,Standard deviation with 3 and more parking spaces at home
All households,0.2304800040535253,0.003311619627814841,0.39409772419873007,0.0038425287193770774,0.24109776645978967,0.0033635925031051265,0.1343245052879549,0.002681445988778975
No car in the household,0.777113644078656,0.009064790314404225,0.16636911924788875,0.008111422243278018,0.036744666600258394,0.00409771378094792,0.019772570073196858,0.0030322760860265635
1 car in the household,0.10119735737338227,0.0034759836702205555,0.6564778654236559,0.005473288970360116,0.16855752983604283,0.004314705444433475,0.07376724736691884,0.0030126787725049866
2 cars in the household,0.04354959119518406,0.0028548529049524447,0.14176235175404475,0.004879155978459261,0.5910241477576056,0.006877204080991244,0.2236639092931658,0.005828855785178751
3 and more cars in the household,0.03496529758840286,0.00486484120206015,0.06625997043449468,0.006587447945813692,0.2100745091834106,0.010788432084177815,0.6887002227936917,0.012262615345020492
