,Proportion avec place de stationnement gratuite,Ecart type avec place de stationnement gratuite,Proportion avec place de stationnement payante,Ecart type avec place de stationnement payante,Proportion sans place de stationnement,Ecart type sans place de stationnement
Tous les ménages,0.5394924272351648,0.009933162389716834,0.2084083969081662,0.008094400086653358,0.25209917585666897,0.25209917585666897
Degré d'urbanisation au domicile: Espace des centres urbains,0.47583887205445563,0.012582827275969476,0.23092814782933876,0.010617878849072105,0.29323298011620563,0.01146992072214904
Degré d'urbanisation au domicile: Espace sous influence des centres urbains,0.6039910002250911,0.020061591006201692,0.1925807681435889,0.0161753472457395,0.20342823163131996,0.016512608248997928
Degré d'urbanisation au domicile: Espace hors influence des centres urbains,0.6946539199440214,0.024984302003310286,0.14188908414176912,0.0189292325642692,0.16345699591420945,0.02006008150671332
