,Proportion avec place de stationnement gratuite,Ecart type avec place de stationnement gratuite,Proportion avec place de stationnement payante,Ecart type avec place de stationnement payante,Proportion sans place de stationnement,Ecart type sans place de stationnement
Tous les ménages,0.5394924272351648,0.009933162389716834,0.2084083969081662,0.008094400086653358,0.25209917585666897,0.008653348402741252
Degré d'urbanisation au domicile: Communes rurales sans caractère urbain,0.6946539199440214,0.024984302003310286,0.14188908414176912,0.0189292325642692,0.16345699591420945,0.02006008150671332
Degré d'urbanisation au domicile: Communes-centres d'agglomération (villes-centres),0.42564469472131033,0.018489096524717148,0.24526119327986295,0.01608846158334141,0.3290941119988267,0.01757084374646648
Degré d'urbanisation au domicile: Communes-centres d'agglomération (centre principal),0.48415057999072375,0.02064851601907349,0.22560363808893488,0.017269980406567517,0.29024578192034145,0.018753144197170307
Degré d'urbanisation au domicile: Communes-centres d'agglomération (centre secondaire),0.5356272422136723,0.03907132490395835,0.239508878414409,0.033434999824401006,0.2248638793719186,0.032707118137884766
Degré d'urbanisation au domicile: Communes de la couronne d'agglomération,0.582925789787728,0.02410072745833227,0.20000244817847024,0.01955144378074696,0.21707176203380177,0.020150206118875885
Degré d'urbanisation au domicile: Communes multi-orientées,0.6453850554006624,0.0360881388861654,0.17799684391587686,0.028854889101161806,0.1766181006834607,0.02876701361603945
Degré d'urbanisation au domicile: Communes-centre hors agglomération,0.6386000698552292,0.04550260213021228,0.15611705793627834,0.0343790604338327,0.20528287220849245,0.03825695185355935
