,Proportion avec place de stationnement gratuite,Ecart type avec place de stationnement gratuite,Proportion avec place de stationnement payante,Ecart type avec place de stationnement payante,Proportion sans place de stationnement,Ecart type sans place de stationnement
Tous les ménages,0.5394924272351648,0.009933162389716834,0.2084083969081662,0.008094400086653358,0.25209917585666897,0.25209917585666897
Degré d'urbanisation au domicile: Communes hors agglomérations,0.6718592808803474,0.018751485562884203,0.1543095074612252,0.014426750575508464,0.17383121165842755,0.015134383244497004
Degré d'urbanisation au domicile: Agglomérations de 500'000 habitants et plus,0.43573236501108426,0.02001693198867565,0.24732394828364998,0.017417353566890524,0.31694368670526574,0.018782973293332002
Degré d'urbanisation au domicile: Agglomérations de 250'000 à 499'999 habitants,0.40591952089432837,0.03601011341220115,0.29409450624959693,0.03341170331120922,0.2999859728560747,0.03360359367668937
Degré d'urbanisation au domicile: Agglomérations de 100'000 à 249'999 habitants,0.5059353638525312,0.02816697942105662,0.21778232143026027,0.0232528397355132,0.27628231471720854,0.025191962962384563
Degré d'urbanisation au domicile: Agglomérations de 50'000 à 99'999 habitants,0.5810486861546463,0.02238142645681589,0.18438320035277536,0.017591524517621474,0.23456811349257817,0.019221509246929804
Degré d'urbanisation au domicile: Agglomérations de moins de 50'000 habitants,0.6314012787885749,0.028738464965418195,0.15665423106823675,0.021652488977909647,0.21194449014318836,0.024345763379201288
