,Anteil mit Gratisparkplatz,Standardabweichung mit Gratisparkplatz,Anteil mit Bezahlparkplatz,Standardabweichung mit Bezahlparkplatz,Anteil ohne Parkplatz,Standardabweichung ohne Parkplatz
Alle Haushalte,0.5394924272351648,0.009933162389716834,0.2084083969081662,0.008094400086653358,0.25209917585666897,0.008653348402741252
Keine Agglomerationszugehoerigkeit,0.7641206849072708,0.01851018658855453,0.09856878566349285,0.01299633474237811,0.13731052942923613,0.01500596948368655
Agglomerationen mit 250'000 Einwohner/innen und mehr,0.41765364525650517,0.015865650574263864,0.26803408438762566,0.014249496129388353,0.3143122703558691,0.014934920773591135
Agglomerationen mit 50'000 bis 249'999 Einwohner/innen,0.5336884955973659,0.017616847100816364,0.20564465409384874,0.014272903281108865,0.2606668503087855,0.015502765979226561
Agglomerationen mit weniger als 50'000 Einwohner/innen,0.6606237432583858,0.03165200344047402,0.17340778275169808,0.02530832110339661,0.16596847398991615,0.024870666355959498
