,Proportion with free parking space at work,Standard deviation with free parking space at work,Proportion with paid parking space at work,Standard deviation with paid parking space at work,Proportion without parking space at work,Standard deviation without parking space at work
All households,0.5394924272351648,0.009933162389716834,0.2084083969081662,0.008094400086653358,0.25209917585666897,0.25209917585666897
Outside of agglomerations,0.7641206849072708,0.01851018658855453,0.09856878566349285,0.01299633474237811,0.13731052942923613,0.01500596948368655
Agglomerations with 250'000 inhabitants and more,0.41765364525650517,0.015865650574263864,0.26803408438762566,0.014249496129388353,0.3143122703558691,0.014934920773591135
Agglomerations with 50'000 to 249'999 inhabitants,0.5336884955973659,0.017616847100816364,0.20564465409384874,0.014272903281108865,0.2606668503087855,0.015502765979226561
Agglomerations with less than 50'000 inhabitants,0.6606237432583858,0.03165200344047402,0.17340778275169808,0.02530832110339661,0.16596847398991615,0.024870666355959498
