,Proportion avec place de stationnement gratuite,Ecart type avec place de stationnement gratuite,Proportion avec place de stationnement payante,Ecart type avec place de stationnement payante,Proportion sans place de stationnement,Ecart type sans place de stationnement
Tous les ménages,0.5394924272351648,0.009933162389716834,0.2084083969081662,0.008094400086653358,0.25209917585666897,0.25209917585666897
Espace des centres urbains,0.4562455005540284,0.011425777225978385,0.2525266892965996,0.009966358629050253,0.29122781014937194,0.010422089053215428
Espace sous influence des centres urbains,0.7920614489004846,0.021997363077674685,0.07141544138233713,0.013958233834053887,0.13652310971717826,0.0186102464261009
Espace hors influence des centres urbains,0.7956034964613596,0.02421885006079895,0.07636010081450988,0.015949718956159497,0.12803640272413033,0.02006708798600234
