,Proportion avec place de stationnement gratuite,Ecart type avec place de stationnement gratuite,Proportion avec place de stationnement payante,Ecart type avec place de stationnement payante,Proportion sans place de stationnement,Ecart type sans place de stationnement
Tous les ménages,0.5394924272351648,0.009933162389716834,0.2084083969081662,0.008094400086653358,0.25209917585666897,0.008653348402741252
Communes hors agglomérations,0.7641206849072708,0.01851018658855453,0.09856878566349285,0.01299633474237811,0.13731052942923613,0.01500596948368655
Agglomérations de 500'000 habitants et plus,0.43087303291246754,0.01850273415243024,0.251829297670832,0.01621847985913804,0.31729766941670046,0.017390249129795175
Agglomérations de 250'000 à 499'999 habitants,0.3839883511150581,0.030763079178728687,0.30930217679236105,0.029235589007741144,0.3067094720925807,0.029167388320796524
Agglomérations de 100'000 à 249'999 habitants,0.4920417453343345,0.025922797537700323,0.22801934211768193,0.021754842094571708,0.27993891254798364,0.023280011378028716
Agglomérations de 50'000 à 99'999 habitants,0.583584125574784,0.023774436468941222,0.17883826109928302,0.01848159419554768,0.23757761332593302,0.02052557988258708
Agglomérations de moins de 50'000 habitants,0.6606237432583858,0.03165200344047402,0.17340778275169808,0.02530832110339661,0.16596847398991615,0.024870666355959498
