,Anteil mit Gratisparkplatz,Standardabweichung mit Gratisparkplatz,Anteil mit Bezahlparkplatz,Standardabweichung mit Bezahlparkplatz,Anteil ohne Parkplatz,Standardabweichung ohne Parkplatz
Alle Haushalte,0.5394924272351648,0.009933162389716834,0.2084083969081662,0.008094400086653358,0.25209917585666897,0.008653348402741252
Keine Agglomerationszugehoerigkeit,0.6718592808803474,0.018751485562884203,0.1543095074612252,0.014426750575508464,0.17383121165842755,0.015134383244497004
Urbanisierungsgrad des Wohnorts: Agglomerationen mit 250'000 Einwohner/innen und mehr,0.42770303005515437,0.017496250266221484,0.25992041424018913,0.015510382324357523,0.31237655570465644,0.01638995077235194
Urbanisierungsgrad des Wohnorts: Agglomerationen mit 50'000 bis 249'999 Einwohner/innen,0.5429271882624134,0.017601140906786033,0.20133391541550025,0.014168322088763011,0.2557388963220862,0.015414817406655547
Urbanisierungsgrad des Wohnorts: Agglomerationen mit weniger als 50'000 Einwohner/innen,0.6314012787885749,0.028738464965418195,0.15665423106823675,0.021652488977909647,0.21194449014318836,0.024345763379201288
