,Proportion sans place de stationnement,Ecart type sans place de stationnement,Proportion avec 1 place de stationnement,Ecart type avec 1 place de stationnement,Proportion avec 2 place de stationnement,Ecart type avec 2 place de stationnement,Proportion avec 3 place de stationnement ou plus,Ecart type avec 3 place de stationnement ou plus
Tous les ménages,0.2304800040535253,0.003311619627814841,0.39409772419873007,0.0038425287193770774,0.24109776645978967,0.0033635925031051265,0.1343245052879549,0.002681445988778975
Communes hors agglomérations,0.1217044895313102,0.005297722884328267,0.36642537992675045,0.007807415016538272,0.2971012390345356,0.007404815238894381,0.21476889150740372,0.006654264237328076
Agglomérations de 500'000 habitants et plus,0.319510032220624,0.007311053055294627,0.39250968894871646,0.007656348462348863,0.20454653420647453,0.006324559379572031,0.08343374462418514,0.004335903644794884
Agglomérations de 250'000 à 499'999 habitants,0.3109099812940676,0.013675003051079914,0.38376099586672996,0.014367365086059578,0.20131195904232038,0.011846648378686457,0.10401706379688191,0.009019330149779806
Agglomérations de 100'000 à 249'999 habitants,0.24138554574103713,0.009540556736410069,0.4336060066797238,0.011048784319309125,0.2250185922805019,0.009310272127515515,0.09998985529873725,0.00668819926574768
Agglomérations de 50'000 à 99'999 habitants,0.20342287640190396,0.007128600688751562,0.41239719986419415,0.008717465955439735,0.24641386459095604,0.00763114134245621,0.13776605914294593,0.006103432594218988
Agglomérations de moins de 50'000 habitants,0.16648717482117836,0.008436265013899642,0.40453151782543056,0.01111499446092905,0.2696406622704457,0.01004996766698606,0.15934064508294538,0.008288519995482689
